cat1,product_id,ProductoCompleto12,ProductoCompleto24
FOODS,20004,Sí,Sí
FOODS,20005,Sí,Sí
FOODS,20007,No,No
FOODS,20009,No,No
FOODS,20012,No,No
FOODS,20013,No,No
FOODS,20014,No,No
FOODS,20015,No,No
FOODS,20016,No,No
FOODS,20020,No,No
FOODS,20022,No,No
FOODS,20023,Sí,Sí
FOODS,20024,No,No
FOODS,20025,No,No
FOODS,20027,No,No
FOODS,20029,No,No
FOODS,20030,No,No
FOODS,20031,No,No
FOODS,20032,No,No
FOODS,20033,Sí,Sí
FOODS,20037,Sí,Sí
FOODS,20038,No,No
FOODS,20041,No,No
FOODS,20043,No,No
FOODS,20047,No,No
FOODS,20048,Sí,Sí
FOODS,20050,No,No
FOODS,20054,No,No
FOODS,20056,No,No
FOODS,20057,No,No
FOODS,20058,No,No
FOODS,20059,No,No
FOODS,20061,No,No
FOODS,20062,No,No
FOODS,20063,No,No
FOODS,20065,No,No
FOODS,20066,No,No
FOODS,20067,No,No
FOODS,20068,No,No
FOODS,20069,No,No
FOODS,20070,No,No
FOODS,20071,No,No
FOODS,20072,No,No
FOODS,20073,No,No
FOODS,20074,No,No
FOODS,20075,No,No
FOODS,20076,No,No
FOODS,20077,Sí,Sí
FOODS,20078,Sí,Sí
FOODS,20079,Sí,Sí
FOODS,20080,No,No
FOODS,20081,No,No
FOODS,20082,No,No
FOODS,20084,Sí,Sí
FOODS,20085,No,No
FOODS,20087,No,No
FOODS,20088,No,No
FOODS,20089,No,No
FOODS,20090,Sí,Sí
FOODS,20091,No,No
FOODS,20092,No,No
FOODS,20093,No,No
FOODS,20094,No,No
FOODS,20095,Sí,Sí
FOODS,20096,Sí,Sí
FOODS,20097,No,No
FOODS,20099,No,No
FOODS,20100,Sí,Sí
FOODS,20101,No,No
FOODS,20102,No,No
FOODS,20103,No,No
FOODS,20105,Sí,Sí
FOODS,20106,No,No
FOODS,20107,Sí,Sí
FOODS,20108,Sí,Sí
FOODS,20109,No,No
FOODS,20111,No,No
FOODS,20112,No,No
FOODS,20113,No,No
FOODS,20114,No,No
FOODS,20115,No,No
FOODS,20116,Sí,Sí
FOODS,20117,No,No
FOODS,20118,Sí,Sí
FOODS,20119,Sí,Sí
FOODS,20120,No,No
FOODS,20121,Sí,Sí
FOODS,20122,No,No
FOODS,20123,No,No
FOODS,20124,No,No
FOODS,20125,No,No
FOODS,20126,No,No
FOODS,20127,No,No
FOODS,20128,No,No
FOODS,20129,No,No
FOODS,20130,No,No
FOODS,20132,No,No
FOODS,20133,No,No
FOODS,20134,No,No
FOODS,20135,No,No
FOODS,20136,Sí,No
FOODS,20137,No,No
FOODS,20138,No,No
FOODS,20139,No,No
FOODS,20140,No,No
FOODS,20142,Sí,Sí
FOODS,20143,No,No
FOODS,20144,No,No
FOODS,20145,No,No
FOODS,20146,Sí,Sí
FOODS,20148,No,No
FOODS,20149,No,No
FOODS,20150,No,No
FOODS,20151,No,No
FOODS,20152,Sí,Sí
FOODS,20153,No,No
FOODS,20155,No,No
FOODS,20157,No,No
FOODS,20158,Sí,Sí
FOODS,20159,No,No
FOODS,20160,No,No
FOODS,20161,Sí,Sí
FOODS,20162,No,No
FOODS,20163,No,No
FOODS,20164,No,No
FOODS,20165,No,No
FOODS,20166,No,No
FOODS,20167,No,No
FOODS,20168,No,No
FOODS,20169,Sí,Sí
FOODS,20170,No,No
FOODS,20171,No,No
FOODS,20173,Sí,Sí
FOODS,20174,No,No
FOODS,20175,Sí,Sí
FOODS,20176,No,No
FOODS,20177,No,No
FOODS,20178,No,No
FOODS,20179,No,No
FOODS,20181,No,No
FOODS,20182,No,No
FOODS,20183,No,No
FOODS,20184,No,No
FOODS,20185,No,No
FOODS,20186,Sí,No
FOODS,20187,No,No
FOODS,20188,No,No
FOODS,20189,No,No
FOODS,20190,No,No
FOODS,20191,No,No
FOODS,20192,Sí,No
FOODS,20194,Sí,Sí
FOODS,20196,No,No
FOODS,20197,No,No
FOODS,20198,No,No
FOODS,20200,No,No
FOODS,20201,No,No
FOODS,20202,No,No
FOODS,20203,No,No
FOODS,20205,No,No
FOODS,20206,No,No
FOODS,20207,Sí,Sí
FOODS,20208,No,No
FOODS,20209,No,No
FOODS,20210,No,No
FOODS,20211,Sí,Sí
FOODS,20212,No,No
FOODS,20213,No,No
FOODS,20215,No,No
FOODS,20216,Sí,Sí
FOODS,20217,No,No
FOODS,20218,No,No
FOODS,20219,No,No
FOODS,20220,No,No
FOODS,20222,No,No
FOODS,20224,Sí,Sí
FOODS,20225,No,No
FOODS,20226,No,No
FOODS,20227,Sí,Sí
FOODS,20228,Sí,Sí
FOODS,20229,Sí,No
FOODS,20230,No,No
FOODS,20231,No,No
FOODS,20232,Sí,Sí
FOODS,20233,No,No
FOODS,20234,Sí,Sí
FOODS,20235,No,No
FOODS,20236,No,No
FOODS,20237,Sí,No
FOODS,20238,No,No
FOODS,20239,No,No
FOODS,20240,Sí,Sí
FOODS,20241,No,No
FOODS,20242,Sí,Sí
FOODS,20244,No,No
FOODS,20246,No,No
FOODS,20249,Sí,Sí
FOODS,20250,Sí,Sí
FOODS,20251,No,No
FOODS,20252,No,No
FOODS,20253,No,No
FOODS,20254,No,No
FOODS,20255,No,No
FOODS,20256,No,No
FOODS,20257,No,No
FOODS,20259,Sí,Sí
FOODS,20261,No,No
FOODS,20262,No,No
FOODS,20263,No,No
FOODS,20264,Sí,Sí
FOODS,20265,Sí,Sí
FOODS,20266,Sí,No
FOODS,20267,No,No
FOODS,20268,No,No
FOODS,20269,No,No
FOODS,20270,Sí,Sí
FOODS,20271,Sí,Sí
FOODS,20272,No,No
FOODS,20273,No,No
FOODS,20275,No,No
FOODS,20276,No,No
FOODS,20277,No,No
FOODS,20278,Sí,Sí
FOODS,20280,No,No
FOODS,20281,No,No
FOODS,20282,No,No
FOODS,20283,No,No
FOODS,20284,No,No
FOODS,20285,Sí,Sí
FOODS,20286,No,No
FOODS,20288,No,No
FOODS,20289,Sí,Sí
FOODS,20290,No,No
FOODS,20291,No,No
FOODS,20292,No,No
FOODS,20295,No,No
FOODS,20296,No,No
FOODS,20297,No,No
FOODS,20298,No,No
FOODS,20299,Sí,Sí
FOODS,20300,No,No
FOODS,20301,No,No
FOODS,20302,Sí,Sí
FOODS,20303,No,No
FOODS,20304,No,No
FOODS,20305,Sí,Sí
FOODS,20306,No,No
FOODS,20307,No,No
FOODS,20308,No,No
FOODS,20309,No,No
FOODS,20310,No,No
FOODS,20311,No,No
FOODS,20312,No,No
FOODS,20313,No,No
FOODS,20314,No,No
FOODS,20315,No,No
FOODS,20316,No,No
FOODS,20317,No,No
FOODS,20319,No,No
FOODS,20321,No,No
FOODS,20322,Sí,Sí
FOODS,20323,Sí,Sí
FOODS,20324,No,No
FOODS,20325,Sí,Sí
FOODS,20326,No,No
FOODS,20327,No,No
FOODS,20328,Sí,Sí
FOODS,20329,No,No
FOODS,20330,No,No
FOODS,20332,No,No
FOODS,20334,No,No
FOODS,20335,No,No
FOODS,20336,No,No
FOODS,20337,No,No
FOODS,20338,No,No
FOODS,20340,No,No
FOODS,20341,No,No
FOODS,20342,No,No
FOODS,20343,No,No
FOODS,20344,No,No
FOODS,20345,No,No
FOODS,20346,No,No
FOODS,20348,No,No
FOODS,20349,No,No
FOODS,20350,Sí,Sí
FOODS,20351,No,No
FOODS,20352,No,No
FOODS,20353,No,No
FOODS,20354,No,No
FOODS,20355,No,No
FOODS,20356,No,No
FOODS,20357,No,No
FOODS,20358,No,No
FOODS,20359,No,No
FOODS,20360,Sí,Sí
FOODS,20361,No,No
FOODS,20362,No,No
FOODS,20364,No,No
FOODS,20365,No,No
FOODS,20366,No,No
FOODS,20367,No,No
FOODS,20368,No,No
FOODS,20372,No,No
FOODS,20374,No,No
FOODS,20375,Sí,Sí
FOODS,20376,No,No
FOODS,20377,No,No
FOODS,20378,No,No
FOODS,20379,Sí,Sí
FOODS,20380,No,No
FOODS,20381,No,No
FOODS,20382,No,No
FOODS,20383,No,No
FOODS,20384,Sí,Sí
FOODS,20385,No,No
FOODS,20386,No,No
FOODS,20387,No,No
FOODS,20388,No,No
FOODS,20389,No,No
FOODS,20390,No,No
FOODS,20394,Sí,Sí
FOODS,20395,No,No
FOODS,20396,Sí,Sí
FOODS,20398,Sí,Sí
FOODS,20399,Sí,Sí
FOODS,20400,No,No
FOODS,20401,No,No
FOODS,20402,No,No
FOODS,20403,No,No
FOODS,20404,No,No
FOODS,20406,No,No
FOODS,20407,No,No
FOODS,20408,No,No
FOODS,20409,Sí,Sí
FOODS,20410,No,No
FOODS,20411,No,No
FOODS,20412,No,No
FOODS,20413,No,No
FOODS,20414,No,No
FOODS,20415,No,No
FOODS,20416,Sí,Sí
FOODS,20417,No,No
FOODS,20418,Sí,Sí
FOODS,20419,No,No
FOODS,20421,No,No
FOODS,20422,Sí,Sí
FOODS,20424,No,No
FOODS,20426,No,No
FOODS,20428,Sí,Sí
FOODS,20429,Sí,Sí
FOODS,20432,No,No
FOODS,20433,No,No
FOODS,20434,No,No
FOODS,20435,Sí,Sí
FOODS,20436,No,No
FOODS,20437,No,No
FOODS,20438,No,No
FOODS,20440,No,No
FOODS,20442,No,No
FOODS,20443,No,No
FOODS,20447,No,No
FOODS,20449,Sí,Sí
FOODS,20450,No,No
FOODS,20453,No,No
FOODS,20454,Sí,Sí
FOODS,20456,No,No
FOODS,20458,No,No
FOODS,20459,Sí,No
FOODS,20460,Sí,No
FOODS,20463,No,No
FOODS,20464,No,No
FOODS,20465,No,No
FOODS,20466,No,No
FOODS,20468,No,No
FOODS,20469,No,No
FOODS,20470,No,No
FOODS,20471,Sí,Sí
FOODS,20473,No,No
FOODS,20474,No,No
FOODS,20476,No,No
FOODS,20477,No,No
FOODS,20478,No,No
FOODS,20479,No,No
FOODS,20480,No,No
FOODS,20481,No,No
FOODS,20482,No,No
FOODS,20483,No,No
FOODS,20484,No,No
FOODS,20485,No,No
FOODS,20487,No,No
FOODS,20488,No,No
FOODS,20490,Sí,Sí
FOODS,20491,No,No
FOODS,20493,No,No
FOODS,20495,No,No
FOODS,20496,No,No
FOODS,20497,No,No
FOODS,20500,No,No
FOODS,20501,Sí,Sí
FOODS,20502,No,No
FOODS,20503,Sí,No
FOODS,20505,No,No
FOODS,20507,No,No
FOODS,20508,No,No
FOODS,20509,Sí,Sí
FOODS,20510,No,No
FOODS,20512,Sí,Sí
FOODS,20513,No,No
FOODS,20514,No,No
FOODS,20515,No,No
FOODS,20517,No,No
FOODS,20520,No,No
FOODS,20521,No,No
FOODS,20522,Sí,No
FOODS,20523,No,No
FOODS,20524,No,No
FOODS,20525,No,No
FOODS,20526,No,No
FOODS,20527,No,No
FOODS,20530,No,No
FOODS,20531,No,No
FOODS,20536,No,No
FOODS,20537,No,No
FOODS,20538,No,No
FOODS,20539,No,No
FOODS,20540,No,No
FOODS,20541,No,No
FOODS,20542,No,No
FOODS,20544,No,No
FOODS,20546,No,No
FOODS,20547,Sí,No
FOODS,20548,No,No
FOODS,20549,No,No
FOODS,20551,No,No
FOODS,20552,No,No
FOODS,20553,No,No
FOODS,20555,Sí,Sí
FOODS,20556,Sí,No
FOODS,20557,No,No
FOODS,20558,Sí,No
FOODS,20559,No,No
FOODS,20560,No,No
FOODS,20561,Sí,Sí
FOODS,20562,No,No
FOODS,20563,No,No
FOODS,20564,No,No
FOODS,20565,Sí,Sí
FOODS,20567,Sí,Sí
FOODS,20568,No,No
FOODS,20569,No,No
FOODS,20570,No,No
FOODS,20571,No,No
FOODS,20572,No,No
FOODS,20574,No,No
FOODS,20575,No,No
FOODS,20576,No,No
FOODS,20577,No,No
FOODS,20578,No,No
FOODS,20579,No,No
FOODS,20580,Sí,No
FOODS,20583,No,No
FOODS,20585,No,No
FOODS,20586,Sí,Sí
FOODS,20588,No,No
FOODS,20589,No,No
FOODS,20592,No,No
FOODS,20593,No,No
FOODS,20594,No,No
FOODS,20595,No,No
FOODS,20596,No,No
FOODS,20597,Sí,Sí
FOODS,20599,No,No
FOODS,20600,No,No
FOODS,20601,Sí,Sí
FOODS,20602,No,No
FOODS,20603,No,No
FOODS,20604,No,No
FOODS,20605,No,No
FOODS,20606,No,No
FOODS,20609,Sí,Sí
FOODS,20611,No,No
FOODS,20614,Sí,Sí
FOODS,20615,No,No
FOODS,20617,Sí,Sí
FOODS,20620,No,No
FOODS,20621,No,No
FOODS,20622,No,No
FOODS,20623,No,No
FOODS,20624,No,No
FOODS,20627,No,No
FOODS,20628,No,No
FOODS,20629,No,No
FOODS,20631,No,No
FOODS,20632,No,No
FOODS,20633,No,No
FOODS,20636,Sí,Sí
FOODS,20638,No,No
FOODS,20639,No,No
FOODS,20640,No,No
FOODS,20641,No,No
FOODS,20642,No,No
FOODS,20644,No,No
FOODS,20645,Sí,Sí
FOODS,20646,No,No
FOODS,20647,Sí,Sí
FOODS,20649,No,No
FOODS,20651,No,No
FOODS,20652,No,No
FOODS,20653,No,No
FOODS,20654,No,No
FOODS,20655,No,No
FOODS,20656,No,No
FOODS,20657,No,No
FOODS,20658,No,No
FOODS,20659,No,No
FOODS,20660,Sí,Sí
FOODS,20661,No,No
FOODS,20662,No,No
FOODS,20663,Sí,Sí
FOODS,20664,Sí,Sí
FOODS,20666,No,No
FOODS,20667,No,No
FOODS,20668,No,No
FOODS,20669,No,No
FOODS,20670,Sí,Sí
FOODS,20671,No,No
FOODS,20672,No,No
FOODS,20673,No,No
FOODS,20674,No,No
FOODS,20676,No,No
FOODS,20677,No,No
FOODS,20678,Sí,Sí
FOODS,20679,No,No
FOODS,20680,No,No
FOODS,20681,No,No
FOODS,20682,No,No
FOODS,20683,No,No
FOODS,20684,Sí,Sí
FOODS,20685,Sí,Sí
FOODS,20686,No,No
FOODS,20689,Sí,No
FOODS,20691,No,No
FOODS,20693,No,No
FOODS,20694,No,No
FOODS,20696,No,No
FOODS,20697,No,No
FOODS,20699,No,No
FOODS,20700,No,No
FOODS,20701,No,No
FOODS,20702,No,No
FOODS,20703,No,No
FOODS,20705,No,No
FOODS,20706,No,No
FOODS,20708,No,No
FOODS,20709,No,No
FOODS,20710,No,No
FOODS,20711,No,No
FOODS,20712,No,No
FOODS,20713,No,No
FOODS,20714,No,No
FOODS,20715,Sí,Sí
FOODS,20719,No,No
FOODS,20720,No,No
FOODS,20721,No,No
FOODS,20723,No,No
FOODS,20724,No,No
FOODS,20725,No,No
FOODS,20728,No,No
FOODS,20729,Sí,Sí
FOODS,20730,Sí,Sí
FOODS,20732,No,No
FOODS,20733,No,No
FOODS,20735,No,No
FOODS,20737,No,No
FOODS,20739,No,No
FOODS,20741,No,No
FOODS,20742,No,No
FOODS,20743,No,No
FOODS,20744,No,No
FOODS,20745,No,No
FOODS,20746,No,No
FOODS,20749,No,No
FOODS,20750,No,No
FOODS,20751,No,No
FOODS,20754,No,No
FOODS,20756,No,No
FOODS,20757,No,No
FOODS,20758,No,No
FOODS,20759,Sí,Sí
FOODS,20760,No,No
FOODS,20761,No,No
FOODS,20762,No,No
FOODS,20763,No,No
FOODS,20764,No,No
FOODS,20765,Sí,Sí
FOODS,20768,No,No
FOODS,20770,No,No
FOODS,20771,No,No
FOODS,20772,No,No
FOODS,20773,Sí,Sí
FOODS,20774,No,No
FOODS,20775,No,No
FOODS,20777,No,No
FOODS,20778,Sí,Sí
FOODS,20779,No,No
FOODS,20780,No,No
FOODS,20781,Sí,Sí
FOODS,20782,No,No
FOODS,20783,No,No
FOODS,20784,No,No
FOODS,20785,No,No
FOODS,20786,No,No
FOODS,20788,No,No
FOODS,20789,No,No
FOODS,20790,No,No
FOODS,20792,No,No
FOODS,20793,No,No
FOODS,20794,No,No
FOODS,20795,No,No
FOODS,20796,Sí,Sí
FOODS,20797,No,No
FOODS,20798,Sí,No
FOODS,20799,No,No
FOODS,20800,Sí,Sí
FOODS,20801,No,No
FOODS,20802,No,No
FOODS,20803,No,No
FOODS,20809,No,No
FOODS,20810,No,No
FOODS,20811,No,No
FOODS,20812,Sí,Sí
FOODS,20815,No,No
FOODS,20817,Sí,No
FOODS,20818,No,No
FOODS,20820,No,No
FOODS,20821,No,No
FOODS,20822,No,No
FOODS,20823,No,No
FOODS,20824,No,No
FOODS,20826,No,No
FOODS,20827,No,No
FOODS,20828,No,No
FOODS,20830,No,No
FOODS,20831,No,No
FOODS,20832,No,No
FOODS,20835,Sí,No
FOODS,20836,No,No
FOODS,20840,No,No
FOODS,20841,No,No
FOODS,20843,Sí,Sí
FOODS,20845,No,No
FOODS,20846,Sí,Sí
FOODS,20847,Sí,Sí
FOODS,20849,No,No
FOODS,20850,No,No
FOODS,20852,Sí,No
FOODS,20853,No,No
FOODS,20854,No,No
FOODS,20855,No,No
FOODS,20859,No,No
FOODS,20862,No,No
FOODS,20863,Sí,Sí
FOODS,20864,No,No
FOODS,20865,No,No
FOODS,20870,No,No
FOODS,20873,No,No
FOODS,20874,No,No
FOODS,20877,No,No
FOODS,20878,No,No
FOODS,20879,No,No
FOODS,20882,No,No
FOODS,20883,No,No
FOODS,20884,No,No
FOODS,20885,No,No
FOODS,20886,No,No
FOODS,20888,No,No
FOODS,20891,No,No
FOODS,20892,No,No
FOODS,20894,No,No
FOODS,20895,No,No
FOODS,20899,No,No
FOODS,20901,No,No
FOODS,20902,No,No
FOODS,20904,No,No
FOODS,20906,No,No
FOODS,20907,No,No
FOODS,20908,No,No
FOODS,20910,No,No
FOODS,20912,No,No
FOODS,20913,No,No
FOODS,20914,No,No
FOODS,20915,No,No
FOODS,20917,No,No
FOODS,20919,No,No
FOODS,20920,No,No
FOODS,20922,No,No
FOODS,20923,No,No
FOODS,20924,No,No
FOODS,20925,Sí,Sí
FOODS,20926,No,No
FOODS,20927,No,No
FOODS,20928,No,No
FOODS,20929,No,No
FOODS,20930,No,No
FOODS,20931,No,No
FOODS,20932,No,No
FOODS,20933,No,No
FOODS,20935,No,No
FOODS,20936,No,No
FOODS,20937,No,No
FOODS,20940,No,No
FOODS,20941,No,No
FOODS,20942,No,No
FOODS,20945,No,No
FOODS,20946,No,No
FOODS,20947,Sí,Sí
FOODS,20948,Sí,Sí
FOODS,20949,No,No
FOODS,20951,No,No
FOODS,20952,No,No
FOODS,20953,No,No
FOODS,20956,No,No
FOODS,20957,No,No
FOODS,20958,No,No
FOODS,20960,No,No
FOODS,20961,No,No
FOODS,20962,No,No
FOODS,20964,No,No
FOODS,20965,No,No
FOODS,20966,No,No
FOODS,20967,No,No
FOODS,20968,No,No
FOODS,20970,Sí,Sí
FOODS,20972,No,No
FOODS,20973,No,No
FOODS,20974,Sí,Sí
FOODS,20975,No,No
FOODS,20976,No,No
FOODS,20977,No,No
FOODS,20980,No,No
FOODS,20981,No,No
FOODS,20982,No,No
FOODS,20985,No,No
FOODS,20986,No,No
FOODS,20987,No,No
FOODS,20990,No,No
FOODS,20991,Sí,Sí
FOODS,20992,No,No
FOODS,20993,No,No
FOODS,20994,No,No
FOODS,20995,No,No
FOODS,20996,No,No
FOODS,20997,No,No
FOODS,21001,No,No
FOODS,21003,No,No
FOODS,21005,Sí,Sí
FOODS,21006,No,No
FOODS,21007,No,No
FOODS,21008,No,No
FOODS,21013,No,No
FOODS,21014,No,No
FOODS,21016,Sí,Sí
FOODS,21018,No,No
FOODS,21022,No,No
FOODS,21023,No,No
FOODS,21024,Sí,Sí
FOODS,21026,No,No
FOODS,21027,No,No
FOODS,21028,No,No
FOODS,21029,No,No
FOODS,21032,Sí,Sí
FOODS,21033,No,No
FOODS,21034,No,No
FOODS,21035,No,No
FOODS,21037,No,No
FOODS,21038,Sí,Sí
FOODS,21039,No,No
FOODS,21040,No,No
FOODS,21042,No,No
FOODS,21044,No,No
FOODS,21048,No,No
FOODS,21049,No,No
FOODS,21054,No,No
FOODS,21055,No,No
FOODS,21056,No,No
FOODS,21057,No,No
FOODS,21058,No,No
FOODS,21063,No,No
FOODS,21064,No,No
FOODS,21065,No,No
FOODS,21071,No,No
FOODS,21073,No,No
FOODS,21074,No,No
FOODS,21075,No,No
FOODS,21077,No,No
FOODS,21079,No,No
FOODS,21080,No,No
FOODS,21084,No,No
FOODS,21086,No,No
FOODS,21087,No,No
FOODS,21088,Sí,Sí
FOODS,21092,No,No
FOODS,21093,No,No
FOODS,21097,No,No
FOODS,21099,No,No
FOODS,21102,No,No
FOODS,21105,No,No
FOODS,21108,No,No
FOODS,21109,No,No
FOODS,21110,No,No
FOODS,21111,No,No
FOODS,21112,No,No
FOODS,21114,No,No
FOODS,21118,No,No
FOODS,21119,No,No
FOODS,21124,No,No
FOODS,21126,No,No
FOODS,21128,No,No
FOODS,21129,No,No
FOODS,21131,Sí,Sí
FOODS,21133,No,No
FOODS,21135,No,No
FOODS,21137,No,No
FOODS,21140,No,No
FOODS,21142,No,No
FOODS,21144,No,No
FOODS,21146,No,No
FOODS,21147,No,No
FOODS,21150,No,No
FOODS,21153,No,No
FOODS,21154,No,No
FOODS,21155,No,No
FOODS,21156,No,No
FOODS,21157,No,No
FOODS,21159,No,No
FOODS,21163,No,No
FOODS,21164,No,No
FOODS,21167,No,No
FOODS,21168,No,No
FOODS,21170,No,No
FOODS,21171,No,No
FOODS,21173,No,No
FOODS,21174,No,No
FOODS,21176,No,No
FOODS,21179,No,No
FOODS,21180,No,No
FOODS,21181,No,No
FOODS,21182,No,No
FOODS,21184,No,No
FOODS,21190,No,No
FOODS,21191,No,No
FOODS,21192,No,No
FOODS,21194,No,No
FOODS,21195,No,No
FOODS,21196,No,No
FOODS,21200,No,No
FOODS,21201,No,No
FOODS,21202,No,No
FOODS,21207,No,No
FOODS,21209,No,No
FOODS,21211,No,No
FOODS,21212,No,No
FOODS,21214,No,No
FOODS,21218,No,No
FOODS,21219,No,No
FOODS,21220,No,No
FOODS,21222,No,No
FOODS,21224,No,No
FOODS,21226,No,No
FOODS,21227,No,No
FOODS,21229,No,No
FOODS,21233,No,No
FOODS,21234,No,No
FOODS,21237,No,No
FOODS,21239,No,No
FOODS,21242,No,No
FOODS,21244,No,No
FOODS,21245,No,No
FOODS,21246,No,No
FOODS,21247,No,No
FOODS,21248,No,No
FOODS,21252,No,No
FOODS,21255,No,No
FOODS,21256,No,No
FOODS,21257,No,No
FOODS,21259,No,No
FOODS,21262,No,No
FOODS,21263,No,No
FOODS,21264,No,No
FOODS,21265,No,No
FOODS,21266,No,No
FOODS,21267,No,No
FOODS,21271,No,No
FOODS,21276,No,No
HC,20004,No,No
HC,20005,No,No
HC,20007,Sí,Sí
HC,20009,Sí,Sí
HC,20012,Sí,Sí
HC,20013,Sí,Sí
HC,20014,Sí,Sí
HC,20015,Sí,Sí
HC,20016,Sí,Sí
HC,20020,Sí,Sí
HC,20022,Sí,Sí
HC,20023,No,No
HC,20024,Sí,Sí
HC,20025,Sí,Sí
HC,20027,Sí,Sí
HC,20029,Sí,Sí
HC,20030,Sí,Sí
HC,20031,Sí,Sí
HC,20032,No,No
HC,20033,No,No
HC,20037,No,No
HC,20038,Sí,Sí
HC,20041,Sí,Sí
HC,20043,Sí,Sí
HC,20047,No,No
HC,20048,No,No
HC,20050,Sí,Sí
HC,20054,No,No
HC,20056,Sí,Sí
HC,20057,Sí,Sí
HC,20058,No,No
HC,20059,No,No
HC,20061,No,No
HC,20062,Sí,Sí
HC,20063,Sí,Sí
HC,20065,Sí,Sí
HC,20066,Sí,Sí
HC,20067,Sí,Sí
HC,20068,Sí,Sí
HC,20069,Sí,Sí
HC,20070,Sí,Sí
HC,20071,Sí,Sí
HC,20072,Sí,Sí
HC,20073,Sí,Sí
HC,20074,Sí,Sí
HC,20075,No,No
HC,20076,Sí,Sí
HC,20077,No,No
HC,20078,No,No
HC,20079,No,No
HC,20080,No,No
HC,20081,No,No
HC,20082,Sí,Sí
HC,20084,No,No
HC,20085,Sí,No
HC,20087,Sí,Sí
HC,20088,Sí,Sí
HC,20089,Sí,No
HC,20090,No,No
HC,20091,Sí,Sí
HC,20092,Sí,Sí
HC,20093,No,No
HC,20094,No,No
HC,20095,No,No
HC,20096,No,No
HC,20097,Sí,Sí
HC,20099,Sí,Sí
HC,20100,No,No
HC,20101,No,No
HC,20102,Sí,Sí
HC,20103,Sí,Sí
HC,20105,No,No
HC,20106,No,No
HC,20107,No,No
HC,20108,No,No
HC,20109,Sí,Sí
HC,20111,No,No
HC,20112,Sí,Sí
HC,20113,Sí,Sí
HC,20114,Sí,Sí
HC,20115,No,No
HC,20116,No,No
HC,20117,Sí,Sí
HC,20118,No,No
HC,20119,No,No
HC,20120,No,No
HC,20121,No,No
HC,20122,No,No
HC,20123,No,No
HC,20124,Sí,Sí
HC,20125,No,No
HC,20126,Sí,No
HC,20127,No,No
HC,20128,Sí,Sí
HC,20129,Sí,Sí
HC,20130,No,No
HC,20132,No,No
HC,20133,No,No
HC,20134,No,No
HC,20135,Sí,No
HC,20136,No,No
HC,20137,Sí,Sí
HC,20138,Sí,Sí
HC,20139,No,No
HC,20140,No,No
HC,20142,No,No
HC,20143,No,No
HC,20144,Sí,Sí
HC,20145,No,No
HC,20146,No,No
HC,20148,Sí,Sí
HC,20149,Sí,Sí
HC,20150,Sí,No
HC,20151,Sí,Sí
HC,20152,No,No
HC,20153,No,No
HC,20155,No,No
HC,20157,No,No
HC,20158,No,No
HC,20159,No,No
HC,20160,Sí,Sí
HC,20161,No,No
HC,20162,Sí,Sí
HC,20163,Sí,Sí
HC,20164,Sí,Sí
HC,20165,Sí,Sí
HC,20166,Sí,Sí
HC,20167,No,No
HC,20168,Sí,Sí
HC,20169,No,No
HC,20170,No,No
HC,20171,Sí,Sí
HC,20173,No,No
HC,20174,No,No
HC,20175,No,No
HC,20176,No,No
HC,20177,No,No
HC,20178,Sí,Sí
HC,20179,No,No
HC,20181,No,No
HC,20182,No,No
HC,20183,Sí,Sí
HC,20184,No,No
HC,20185,Sí,Sí
HC,20186,No,No
HC,20187,No,No
HC,20188,No,No
HC,20189,No,No
HC,20190,Sí,Sí
HC,20191,Sí,Sí
HC,20192,No,No
HC,20194,No,No
HC,20196,Sí,Sí
HC,20197,Sí,Sí
HC,20198,No,No
HC,20200,No,No
HC,20201,Sí,Sí
HC,20202,Sí,Sí
HC,20203,Sí,Sí
HC,20205,Sí,Sí
HC,20206,Sí,Sí
HC,20207,No,No
HC,20208,No,No
HC,20209,Sí,Sí
HC,20210,No,No
HC,20211,No,No
HC,20212,No,No
HC,20213,No,No
HC,20215,No,No
HC,20216,No,No
HC,20217,Sí,Sí
HC,20218,Sí,Sí
HC,20219,Sí,Sí
HC,20220,No,No
HC,20222,Sí,Sí
HC,20224,No,No
HC,20225,No,No
HC,20226,No,No
HC,20227,No,No
HC,20228,No,No
HC,20229,No,No
HC,20230,No,No
HC,20231,No,No
HC,20232,No,No
HC,20233,Sí,Sí
HC,20234,No,No
HC,20235,No,No
HC,20236,No,No
HC,20237,No,No
HC,20238,No,No
HC,20239,Sí,Sí
HC,20240,No,No
HC,20241,No,No
HC,20242,No,No
HC,20244,No,No
HC,20246,Sí,Sí
HC,20249,No,No
HC,20250,No,No
HC,20251,No,No
HC,20252,No,No
HC,20253,Sí,Sí
HC,20254,Sí,Sí
HC,20255,No,No
HC,20256,No,No
HC,20257,No,No
HC,20259,No,No
HC,20261,No,No
HC,20262,Sí,No
HC,20263,No,No
HC,20264,No,No
HC,20265,No,No
HC,20266,No,No
HC,20267,No,No
HC,20268,No,No
HC,20269,No,No
HC,20270,No,No
HC,20271,No,No
HC,20272,No,No
HC,20273,No,No
HC,20275,No,No
HC,20276,No,No
HC,20277,No,No
HC,20278,No,No
HC,20280,Sí,Sí
HC,20281,Sí,Sí
HC,20282,No,No
HC,20283,No,No
HC,20284,No,No
HC,20285,No,No
HC,20286,No,No
HC,20288,Sí,Sí
HC,20289,No,No
HC,20290,No,No
HC,20291,No,No
HC,20292,No,No
HC,20295,No,No
HC,20296,No,No
HC,20297,No,No
HC,20298,No,No
HC,20299,No,No
HC,20300,No,No
HC,20301,No,No
HC,20302,No,No
HC,20303,No,No
HC,20304,Sí,Sí
HC,20305,No,No
HC,20306,No,No
HC,20307,No,No
HC,20308,Sí,Sí
HC,20309,No,No
HC,20310,No,No
HC,20311,Sí,Sí
HC,20312,Sí,Sí
HC,20313,Sí,Sí
HC,20314,No,No
HC,20315,No,No
HC,20316,No,No
HC,20317,No,No
HC,20319,Sí,Sí
HC,20321,No,No
HC,20322,No,No
HC,20323,No,No
HC,20324,No,No
HC,20325,No,No
HC,20326,No,No
HC,20327,No,No
HC,20328,No,No
HC,20329,No,No
HC,20330,No,No
HC,20332,Sí,Sí
HC,20334,No,No
HC,20335,No,No
HC,20336,No,No
HC,20337,No,No
HC,20338,No,No
HC,20340,No,No
HC,20341,Sí,Sí
HC,20342,No,No
HC,20343,No,No
HC,20344,No,No
HC,20345,Sí,No
HC,20346,No,No
HC,20348,No,No
HC,20349,No,No
HC,20350,No,No
HC,20351,No,No
HC,20352,No,No
HC,20353,No,No
HC,20354,No,No
HC,20355,No,No
HC,20356,No,No
HC,20357,Sí,Sí
HC,20358,Sí,Sí
HC,20359,No,No
HC,20360,No,No
HC,20361,Sí,Sí
HC,20362,No,No
HC,20364,No,No
HC,20365,No,No
HC,20366,Sí,Sí
HC,20367,No,No
HC,20368,No,No
HC,20372,No,No
HC,20374,No,No
HC,20375,No,No
HC,20376,Sí,Sí
HC,20377,No,No
HC,20378,Sí,No
HC,20379,No,No
HC,20380,No,No
HC,20381,No,No
HC,20382,No,No
HC,20383,No,No
HC,20384,No,No
HC,20385,No,No
HC,20386,No,No
HC,20387,No,No
HC,20388,Sí,Sí
HC,20389,No,No
HC,20390,Sí,Sí
HC,20394,No,No
HC,20395,Sí,No
HC,20396,No,No
HC,20398,No,No
HC,20399,No,No
HC,20400,No,No
HC,20401,No,No
HC,20402,No,No
HC,20403,No,No
HC,20404,No,No
HC,20406,No,No
HC,20407,No,No
HC,20408,Sí,No
HC,20409,No,No
HC,20410,No,No
HC,20411,No,No
HC,20412,Sí,Sí
HC,20413,Sí,Sí
HC,20414,No,No
HC,20415,Sí,Sí
HC,20416,No,No
HC,20417,No,No
HC,20418,No,No
HC,20419,No,No
HC,20421,Sí,Sí
HC,20422,No,No
HC,20424,No,No
HC,20426,Sí,No
HC,20428,No,No
HC,20429,No,No
HC,20432,No,No
HC,20433,No,No
HC,20434,No,No
HC,20435,No,No
HC,20436,No,No
HC,20437,No,No
HC,20438,No,No
HC,20440,No,No
HC,20442,No,No
HC,20443,No,No
HC,20447,Sí,Sí
HC,20449,No,No
HC,20450,No,No
HC,20453,No,No
HC,20454,No,No
HC,20456,No,No
HC,20458,No,No
HC,20459,No,No
HC,20460,No,No
HC,20463,No,No
HC,20464,No,No
HC,20465,No,No
HC,20466,No,No
HC,20468,No,No
HC,20469,No,No
HC,20470,No,No
HC,20471,No,No
HC,20473,Sí,Sí
HC,20474,No,No
HC,20476,No,No
HC,20477,Sí,No
HC,20478,Sí,Sí
HC,20479,Sí,Sí
HC,20480,No,No
HC,20481,No,No
HC,20482,No,No
HC,20483,No,No
HC,20484,No,No
HC,20485,Sí,Sí
HC,20487,No,No
HC,20488,No,No
HC,20490,No,No
HC,20491,No,No
HC,20493,No,No
HC,20495,No,No
HC,20496,No,No
HC,20497,No,No
HC,20500,No,No
HC,20501,No,No
HC,20502,No,No
HC,20503,No,No
HC,20505,No,No
HC,20507,Sí,Sí
HC,20508,Sí,Sí
HC,20509,No,No
HC,20510,No,No
HC,20512,No,No
HC,20513,Sí,No
HC,20514,No,No
HC,20515,No,No
HC,20517,No,No
HC,20520,Sí,No
HC,20521,No,No
HC,20522,No,No
HC,20523,No,No
HC,20524,Sí,Sí
HC,20525,No,No
HC,20526,No,No
HC,20527,No,No
HC,20530,Sí,Sí
HC,20531,No,No
HC,20536,No,No
HC,20537,No,No
HC,20538,No,No
HC,20539,No,No
HC,20540,No,No
HC,20541,No,No
HC,20542,No,No
HC,20544,No,No
HC,20546,Sí,No
HC,20547,No,No
HC,20548,No,No
HC,20549,No,No
HC,20551,No,No
HC,20552,No,No
HC,20553,No,No
HC,20555,No,No
HC,20556,No,No
HC,20557,No,No
HC,20558,No,No
HC,20559,No,No
HC,20560,No,No
HC,20561,No,No
HC,20562,No,No
HC,20563,No,No
HC,20564,Sí,Sí
HC,20565,No,No
HC,20567,No,No
HC,20568,No,No
HC,20569,No,No
HC,20570,No,No
HC,20571,No,No
HC,20572,No,No
HC,20574,No,No
HC,20575,No,No
HC,20576,Sí,No
HC,20577,No,No
HC,20578,No,No
HC,20579,No,No
HC,20580,No,No
HC,20583,No,No
HC,20585,No,No
HC,20586,No,No
HC,20588,Sí,Sí
HC,20589,No,No
HC,20592,No,No
HC,20593,No,No
HC,20594,No,No
HC,20595,Sí,Sí
HC,20596,No,No
HC,20597,No,No
HC,20599,No,No
HC,20600,No,No
HC,20601,No,No
HC,20602,No,No
HC,20603,No,No
HC,20604,Sí,No
HC,20605,No,No
HC,20606,No,No
HC,20609,No,No
HC,20611,Sí,No
HC,20614,No,No
HC,20615,No,No
HC,20617,No,No
HC,20620,No,No
HC,20621,No,No
HC,20622,No,No
HC,20623,No,No
HC,20624,No,No
HC,20627,No,No
HC,20628,No,No
HC,20629,No,No
HC,20631,No,No
HC,20632,No,No
HC,20633,No,No
HC,20636,No,No
HC,20638,Sí,No
HC,20639,No,No
HC,20640,No,No
HC,20641,No,No
HC,20642,No,No
HC,20644,No,No
HC,20645,No,No
HC,20646,No,No
HC,20647,No,No
HC,20649,No,No
HC,20651,No,No
HC,20652,Sí,Sí
HC,20653,Sí,Sí
HC,20654,No,No
HC,20655,No,No
HC,20656,No,No
HC,20657,Sí,Sí
HC,20658,No,No
HC,20659,No,No
HC,20660,No,No
HC,20661,No,No
HC,20662,No,No
HC,20663,No,No
HC,20664,No,No
HC,20666,Sí,No
HC,20667,No,No
HC,20668,No,No
HC,20669,No,No
HC,20670,No,No
HC,20671,No,No
HC,20672,No,No
HC,20673,No,No
HC,20674,No,No
HC,20676,No,No
HC,20677,No,No
HC,20678,No,No
HC,20679,No,No
HC,20680,No,No
HC,20681,No,No
HC,20682,Sí,No
HC,20683,No,No
HC,20684,No,No
HC,20685,No,No
HC,20686,No,No
HC,20689,No,No
HC,20691,No,No
HC,20693,No,No
HC,20694,No,No
HC,20696,No,No
HC,20697,No,No
HC,20699,No,No
HC,20700,No,No
HC,20701,No,No
HC,20702,No,No
HC,20703,No,No
HC,20705,Sí,Sí
HC,20706,No,No
HC,20708,No,No
HC,20709,No,No
HC,20710,No,No
HC,20711,No,No
HC,20712,Sí,No
HC,20713,No,No
HC,20714,No,No
HC,20715,No,No
HC,20719,No,No
HC,20720,No,No
HC,20721,No,No
HC,20723,No,No
HC,20724,Sí,Sí
HC,20725,No,No
HC,20728,No,No
HC,20729,No,No
HC,20730,No,No
HC,20732,No,No
HC,20733,Sí,Sí
HC,20735,No,No
HC,20737,Sí,Sí
HC,20739,No,No
HC,20741,Sí,Sí
HC,20742,No,No
HC,20743,No,No
HC,20744,No,No
HC,20745,No,No
HC,20746,No,No
HC,20749,No,No
HC,20750,Sí,Sí
HC,20751,No,No
HC,20754,No,No
HC,20756,No,No
HC,20757,No,No
HC,20758,No,No
HC,20759,No,No
HC,20760,No,No
HC,20761,No,No
HC,20762,No,No
HC,20763,Sí,No
HC,20764,No,No
HC,20765,No,No
HC,20768,No,No
HC,20770,No,No
HC,20771,No,No
HC,20772,No,No
HC,20773,No,No
HC,20774,No,No
HC,20775,No,No
HC,20777,No,No
HC,20778,No,No
HC,20779,No,No
HC,20780,Sí,Sí
HC,20781,No,No
HC,20782,No,No
HC,20783,No,No
HC,20784,No,No
HC,20785,No,No
HC,20786,No,No
HC,20788,No,No
HC,20789,No,No
HC,20790,No,No
HC,20792,No,No
HC,20793,No,No
HC,20794,No,No
HC,20795,No,No
HC,20796,No,No
HC,20797,No,No
HC,20798,No,No
HC,20799,No,No
HC,20800,No,No
HC,20801,No,No
HC,20802,No,No
HC,20803,Sí,Sí
HC,20809,No,No
HC,20810,No,No
HC,20811,No,No
HC,20812,No,No
HC,20815,No,No
HC,20817,No,No
HC,20818,No,No
HC,20820,No,No
HC,20821,No,No
HC,20822,No,No
HC,20823,No,No
HC,20824,No,No
HC,20826,No,No
HC,20827,No,No
HC,20828,No,No
HC,20830,No,No
HC,20831,No,No
HC,20832,No,No
HC,20835,No,No
HC,20836,Sí,No
HC,20840,No,No
HC,20841,No,No
HC,20843,No,No
HC,20845,No,No
HC,20846,No,No
HC,20847,No,No
HC,20849,No,No
HC,20850,No,No
HC,20852,No,No
HC,20853,No,No
HC,20854,No,No
HC,20855,Sí,Sí
HC,20859,No,No
HC,20862,No,No
HC,20863,No,No
HC,20864,No,No
HC,20865,No,No
HC,20870,No,No
HC,20873,No,No
HC,20874,No,No
HC,20877,Sí,Sí
HC,20878,No,No
HC,20879,No,No
HC,20882,No,No
HC,20883,No,No
HC,20884,No,No
HC,20885,No,No
HC,20886,No,No
HC,20888,No,No
HC,20891,No,No
HC,20892,No,No
HC,20894,No,No
HC,20895,No,No
HC,20899,No,No
HC,20901,No,No
HC,20902,No,No
HC,20904,No,No
HC,20906,No,No
HC,20907,No,No
HC,20908,No,No
HC,20910,No,No
HC,20912,No,No
HC,20913,No,No
HC,20914,No,No
HC,20915,No,No
HC,20917,No,No
HC,20919,No,No
HC,20920,No,No
HC,20922,No,No
HC,20923,No,No
HC,20924,No,No
HC,20925,No,No
HC,20926,No,No
HC,20927,No,No
HC,20928,No,No
HC,20929,No,No
HC,20930,No,No
HC,20931,No,No
HC,20932,No,No
HC,20933,No,No
HC,20935,No,No
HC,20936,No,No
HC,20937,No,No
HC,20940,No,No
HC,20941,Sí,Sí
HC,20942,No,No
HC,20945,No,No
HC,20946,No,No
HC,20947,No,No
HC,20948,No,No
HC,20949,No,No
HC,20951,No,No
HC,20952,No,No
HC,20953,No,No
HC,20956,No,No
HC,20957,No,No
HC,20958,No,No
HC,20960,No,No
HC,20961,No,No
HC,20962,No,No
HC,20964,No,No
HC,20965,No,No
HC,20966,No,No
HC,20967,No,No
HC,20968,No,No
HC,20970,No,No
HC,20972,No,No
HC,20973,No,No
HC,20974,No,No
HC,20975,No,No
HC,20976,No,No
HC,20977,No,No
HC,20980,No,No
HC,20981,No,No
HC,20982,No,No
HC,20985,No,No
HC,20986,No,No
HC,20987,No,No
HC,20990,No,No
HC,20991,No,No
HC,20992,No,No
HC,20993,No,No
HC,20994,No,No
HC,20995,No,No
HC,20996,Sí,Sí
HC,20997,No,No
HC,21001,No,No
HC,21003,Sí,Sí
HC,21005,No,No
HC,21006,No,No
HC,21007,No,No
HC,21008,No,No
HC,21013,No,No
HC,21014,No,No
HC,21016,No,No
HC,21018,No,No
HC,21022,No,No
HC,21023,No,No
HC,21024,No,No
HC,21026,No,No
HC,21027,No,No
HC,21028,No,No
HC,21029,No,No
HC,21032,No,No
HC,21033,No,No
HC,21034,No,No
HC,21035,No,No
HC,21037,No,No
HC,21038,No,No
HC,21039,No,No
HC,21040,No,No
HC,21042,No,No
HC,21044,No,No
HC,21048,Sí,Sí
HC,21049,No,No
HC,21054,No,No
HC,21055,No,No
HC,21056,No,No
HC,21057,No,No
HC,21058,No,No
HC,21063,No,No
HC,21064,No,No
HC,21065,No,No
HC,21071,No,No
HC,21073,No,No
HC,21074,No,No
HC,21075,No,No
HC,21077,No,No
HC,21079,No,No
HC,21080,No,No
HC,21084,No,No
HC,21086,No,No
HC,21087,No,No
HC,21088,No,No
HC,21092,No,No
HC,21093,No,No
HC,21097,No,No
HC,21099,No,No
HC,21102,No,No
HC,21105,No,No
HC,21108,No,No
HC,21109,No,No
HC,21110,No,No
HC,21111,No,No
HC,21112,No,No
HC,21114,No,No
HC,21118,No,No
HC,21119,No,No
HC,21124,No,No
HC,21126,No,No
HC,21128,No,No
HC,21129,No,No
HC,21131,No,No
HC,21133,No,No
HC,21135,No,No
HC,21137,No,No
HC,21140,No,No
HC,21142,No,No
HC,21144,No,No
HC,21146,No,No
HC,21147,No,No
HC,21150,No,No
HC,21153,No,No
HC,21154,No,No
HC,21155,Sí,Sí
HC,21156,No,No
HC,21157,No,No
HC,21159,No,No
HC,21163,No,No
HC,21164,No,No
HC,21167,Sí,Sí
HC,21168,No,No
HC,21170,No,No
HC,21171,No,No
HC,21173,No,No
HC,21174,No,No
HC,21176,No,No
HC,21179,No,No
HC,21180,Sí,No
HC,21181,No,No
HC,21182,No,No
HC,21184,Sí,Sí
HC,21190,No,No
HC,21191,No,No
HC,21192,No,No
HC,21194,No,No
HC,21195,Sí,Sí
HC,21196,No,No
HC,21200,No,No
HC,21201,No,No
HC,21202,No,No
HC,21207,No,No
HC,21209,No,No
HC,21211,No,No
HC,21212,Sí,Sí
HC,21214,No,No
HC,21218,No,No
HC,21219,No,No
HC,21220,No,No
HC,21222,No,No
HC,21224,No,No
HC,21226,No,No
HC,21227,No,No
HC,21229,No,No
HC,21233,No,No
HC,21234,No,No
HC,21237,No,No
HC,21239,No,No
HC,21242,No,No
HC,21244,No,No
HC,21245,No,No
HC,21246,No,No
HC,21247,No,No
HC,21248,No,No
HC,21252,No,No
HC,21255,No,No
HC,21256,No,No
HC,21257,No,No
HC,21259,No,No
HC,21262,No,No
HC,21263,No,No
HC,21264,No,No
HC,21265,No,No
HC,21266,No,No
HC,21267,No,No
HC,21271,No,No
HC,21276,No,No
PC,20004,No,No
PC,20005,No,No
PC,20007,No,No
PC,20009,No,No
PC,20012,No,No
PC,20013,No,No
PC,20014,No,No
PC,20015,No,No
PC,20016,No,No
PC,20020,No,No
PC,20022,No,No
PC,20023,No,No
PC,20024,No,No
PC,20025,No,No
PC,20027,No,No
PC,20029,No,No
PC,20030,No,No
PC,20031,No,No
PC,20032,No,No
PC,20033,No,No
PC,20037,No,No
PC,20038,No,No
PC,20041,No,No
PC,20043,No,No
PC,20047,Sí,Sí
PC,20048,No,No
PC,20050,No,No
PC,20054,Sí,Sí
PC,20056,No,No
PC,20057,No,No
PC,20058,Sí,Sí
PC,20059,Sí,Sí
PC,20061,Sí,Sí
PC,20062,No,No
PC,20063,No,No
PC,20065,No,No
PC,20066,No,No
PC,20067,No,No
PC,20068,No,No
PC,20069,No,No
PC,20070,No,No
PC,20071,No,No
PC,20072,No,No
PC,20073,No,No
PC,20074,No,No
PC,20075,Sí,Sí
PC,20076,No,No
PC,20077,No,No
PC,20078,No,No
PC,20079,No,No
PC,20080,Sí,Sí
PC,20081,Sí,Sí
PC,20082,No,No
PC,20084,No,No
PC,20085,No,No
PC,20087,No,No
PC,20088,No,No
PC,20089,No,No
PC,20090,No,No
PC,20091,No,No
PC,20092,No,No
PC,20093,Sí,Sí
PC,20094,Sí,Sí
PC,20095,No,No
PC,20096,No,No
PC,20097,No,No
PC,20099,No,No
PC,20100,No,No
PC,20101,Sí,Sí
PC,20102,No,No
PC,20103,No,No
PC,20105,No,No
PC,20106,Sí,Sí
PC,20107,No,No
PC,20108,No,No
PC,20109,No,No
PC,20111,Sí,Sí
PC,20112,No,No
PC,20113,No,No
PC,20114,No,No
PC,20115,No,No
PC,20116,No,No
PC,20117,No,No
PC,20118,No,No
PC,20119,No,No
PC,20120,Sí,Sí
PC,20121,No,No
PC,20122,Sí,Sí
PC,20123,Sí,Sí
PC,20124,No,No
PC,20125,Sí,Sí
PC,20126,No,No
PC,20127,No,No
PC,20128,No,No
PC,20129,No,No
PC,20130,Sí,No
PC,20132,Sí,Sí
PC,20133,Sí,Sí
PC,20134,Sí,Sí
PC,20135,No,No
PC,20136,No,No
PC,20137,No,No
PC,20138,No,No
PC,20139,Sí,Sí
PC,20140,Sí,Sí
PC,20142,No,No
PC,20143,Sí,No
PC,20144,No,No
PC,20145,Sí,Sí
PC,20146,No,No
PC,20148,No,No
PC,20149,No,No
PC,20150,No,No
PC,20151,No,No
PC,20152,No,No
PC,20153,Sí,Sí
PC,20155,Sí,Sí
PC,20157,Sí,Sí
PC,20158,No,No
PC,20159,Sí,No
PC,20160,No,No
PC,20161,No,No
PC,20162,No,No
PC,20163,No,No
PC,20164,No,No
PC,20165,No,No
PC,20166,No,No
PC,20167,Sí,Sí
PC,20168,No,No
PC,20169,No,No
PC,20170,Sí,No
PC,20171,No,No
PC,20173,No,No
PC,20174,No,No
PC,20175,No,No
PC,20176,Sí,Sí
PC,20177,Sí,Sí
PC,20178,No,No
PC,20179,Sí,Sí
PC,20181,Sí,Sí
PC,20182,Sí,Sí
PC,20183,No,No
PC,20184,Sí,Sí
PC,20185,No,No
PC,20186,No,No
PC,20187,Sí,Sí
PC,20188,Sí,Sí
PC,20189,Sí,Sí
PC,20190,No,No
PC,20191,No,No
PC,20192,No,No
PC,20194,No,No
PC,20196,No,No
PC,20197,No,No
PC,20198,Sí,Sí
PC,20200,Sí,Sí
PC,20201,No,No
PC,20202,No,No
PC,20203,No,No
PC,20205,No,No
PC,20206,No,No
PC,20207,No,No
PC,20208,Sí,Sí
PC,20209,No,No
PC,20210,No,No
PC,20211,No,No
PC,20212,Sí,Sí
PC,20213,No,No
PC,20215,Sí,Sí
PC,20216,No,No
PC,20217,No,No
PC,20218,No,No
PC,20219,No,No
PC,20220,Sí,Sí
PC,20222,No,No
PC,20224,No,No
PC,20225,Sí,Sí
PC,20226,Sí,Sí
PC,20227,No,No
PC,20228,No,No
PC,20229,No,No
PC,20230,Sí,Sí
PC,20231,Sí,Sí
PC,20232,No,No
PC,20233,No,No
PC,20234,No,No
PC,20235,Sí,Sí
PC,20236,No,No
PC,20237,No,No
PC,20238,Sí,Sí
PC,20239,No,No
PC,20240,No,No
PC,20241,Sí,Sí
PC,20242,No,No
PC,20244,Sí,Sí
PC,20246,No,No
PC,20249,No,No
PC,20250,No,No
PC,20251,Sí,Sí
PC,20252,Sí,Sí
PC,20253,No,No
PC,20254,No,No
PC,20255,Sí,Sí
PC,20256,Sí,Sí
PC,20257,No,No
PC,20259,No,No
PC,20261,No,No
PC,20262,No,No
PC,20263,Sí,Sí
PC,20264,No,No
PC,20265,No,No
PC,20266,No,No
PC,20267,Sí,Sí
PC,20268,Sí,Sí
PC,20269,Sí,Sí
PC,20270,No,No
PC,20271,No,No
PC,20272,Sí,Sí
PC,20273,Sí,Sí
PC,20275,Sí,Sí
PC,20276,Sí,Sí
PC,20277,Sí,Sí
PC,20278,No,No
PC,20280,No,No
PC,20281,No,No
PC,20282,Sí,Sí
PC,20283,Sí,Sí
PC,20284,Sí,Sí
PC,20285,No,No
PC,20286,No,No
PC,20288,No,No
PC,20289,No,No
PC,20290,Sí,Sí
PC,20291,Sí,Sí
PC,20292,Sí,Sí
PC,20295,Sí,Sí
PC,20296,Sí,Sí
PC,20297,Sí,Sí
PC,20298,Sí,Sí
PC,20299,No,No
PC,20300,Sí,Sí
PC,20301,Sí,Sí
PC,20302,No,No
PC,20303,Sí,Sí
PC,20304,No,No
PC,20305,No,No
PC,20306,Sí,Sí
PC,20307,Sí,Sí
PC,20308,No,No
PC,20309,Sí,Sí
PC,20310,Sí,Sí
PC,20311,No,No
PC,20312,No,No
PC,20313,No,No
PC,20314,Sí,Sí
PC,20315,Sí,Sí
PC,20316,Sí,Sí
PC,20317,Sí,Sí
PC,20319,No,No
PC,20321,Sí,Sí
PC,20322,No,No
PC,20323,No,No
PC,20324,Sí,Sí
PC,20325,No,No
PC,20326,Sí,Sí
PC,20327,Sí,Sí
PC,20328,No,No
PC,20329,Sí,Sí
PC,20330,Sí,Sí
PC,20332,No,No
PC,20334,Sí,Sí
PC,20335,Sí,Sí
PC,20336,Sí,Sí
PC,20337,Sí,Sí
PC,20338,Sí,Sí
PC,20340,Sí,Sí
PC,20341,No,No
PC,20342,Sí,Sí
PC,20343,Sí,Sí
PC,20344,Sí,Sí
PC,20345,No,No
PC,20346,Sí,Sí
PC,20348,Sí,Sí
PC,20349,Sí,Sí
PC,20350,No,No
PC,20351,Sí,No
PC,20352,Sí,Sí
PC,20353,Sí,Sí
PC,20354,Sí,Sí
PC,20355,No,No
PC,20356,Sí,Sí
PC,20357,No,No
PC,20358,No,No
PC,20359,Sí,Sí
PC,20360,No,No
PC,20361,No,No
PC,20362,Sí,Sí
PC,20364,Sí,No
PC,20365,Sí,Sí
PC,20366,No,No
PC,20367,Sí,Sí
PC,20368,Sí,No
PC,20372,Sí,Sí
PC,20374,No,No
PC,20375,No,No
PC,20376,No,No
PC,20377,Sí,Sí
PC,20378,No,No
PC,20379,No,No
PC,20380,Sí,Sí
PC,20381,Sí,Sí
PC,20382,Sí,Sí
PC,20383,Sí,Sí
PC,20384,No,No
PC,20385,Sí,Sí
PC,20386,Sí,Sí
PC,20387,Sí,Sí
PC,20388,No,No
PC,20389,Sí,No
PC,20390,No,No
PC,20394,No,No
PC,20395,No,No
PC,20396,No,No
PC,20398,No,No
PC,20399,No,No
PC,20400,Sí,Sí
PC,20401,Sí,Sí
PC,20402,Sí,Sí
PC,20403,Sí,Sí
PC,20404,Sí,Sí
PC,20406,Sí,Sí
PC,20407,Sí,Sí
PC,20408,No,No
PC,20409,No,No
PC,20410,Sí,Sí
PC,20411,Sí,Sí
PC,20412,No,No
PC,20413,No,No
PC,20414,No,No
PC,20415,No,No
PC,20416,No,No
PC,20417,Sí,Sí
PC,20418,No,No
PC,20419,Sí,Sí
PC,20421,No,No
PC,20422,No,No
PC,20424,Sí,Sí
PC,20426,No,No
PC,20428,No,No
PC,20429,No,No
PC,20432,Sí,Sí
PC,20433,Sí,Sí
PC,20434,Sí,Sí
PC,20435,No,No
PC,20436,No,No
PC,20437,No,No
PC,20438,Sí,Sí
PC,20440,No,No
PC,20442,No,No
PC,20443,Sí,Sí
PC,20447,No,No
PC,20449,No,No
PC,20450,Sí,Sí
PC,20453,Sí,Sí
PC,20454,No,No
PC,20456,Sí,No
PC,20458,No,No
PC,20459,No,No
PC,20460,No,No
PC,20463,Sí,Sí
PC,20464,Sí,Sí
PC,20465,Sí,Sí
PC,20466,Sí,Sí
PC,20468,No,No
PC,20469,Sí,Sí
PC,20470,Sí,Sí
PC,20471,No,No
PC,20473,No,No
PC,20474,Sí,Sí
PC,20476,No,No
PC,20477,No,No
PC,20478,No,No
PC,20479,No,No
PC,20480,Sí,Sí
PC,20481,Sí,No
PC,20482,Sí,Sí
PC,20483,Sí,Sí
PC,20484,Sí,Sí
PC,20485,No,No
PC,20487,No,No
PC,20488,Sí,No
PC,20490,No,No
PC,20491,No,No
PC,20493,No,No
PC,20495,Sí,No
PC,20496,Sí,Sí
PC,20497,Sí,Sí
PC,20500,Sí,Sí
PC,20501,No,No
PC,20502,Sí,Sí
PC,20503,No,No
PC,20505,Sí,Sí
PC,20507,No,No
PC,20508,No,No
PC,20509,No,No
PC,20510,No,No
PC,20512,No,No
PC,20513,No,No
PC,20514,Sí,Sí
PC,20515,No,No
PC,20517,Sí,Sí
PC,20520,No,No
PC,20521,No,No
PC,20522,No,No
PC,20523,Sí,No
PC,20524,No,No
PC,20525,No,No
PC,20526,No,No
PC,20527,Sí,No
PC,20530,No,No
PC,20531,No,No
PC,20536,Sí,Sí
PC,20537,No,No
PC,20538,Sí,Sí
PC,20539,Sí,Sí
PC,20540,Sí,No
PC,20541,Sí,No
PC,20542,Sí,Sí
PC,20544,Sí,Sí
PC,20546,No,No
PC,20547,No,No
PC,20548,No,No
PC,20549,Sí,Sí
PC,20551,Sí,Sí
PC,20552,Sí,Sí
PC,20553,Sí,No
PC,20555,No,No
PC,20556,No,No
PC,20557,No,No
PC,20558,No,No
PC,20559,Sí,No
PC,20560,No,No
PC,20561,No,No
PC,20562,No,No
PC,20563,Sí,Sí
PC,20564,No,No
PC,20565,No,No
PC,20567,No,No
PC,20568,Sí,Sí
PC,20569,Sí,No
PC,20570,Sí,Sí
PC,20571,Sí,No
PC,20572,Sí,Sí
PC,20574,Sí,Sí
PC,20575,No,No
PC,20576,No,No
PC,20577,No,No
PC,20578,Sí,Sí
PC,20579,Sí,Sí
PC,20580,No,No
PC,20583,Sí,Sí
PC,20585,Sí,Sí
PC,20586,No,No
PC,20588,No,No
PC,20589,Sí,Sí
PC,20592,No,No
PC,20593,No,No
PC,20594,Sí,Sí
PC,20595,No,No
PC,20596,No,No
PC,20597,No,No
PC,20599,Sí,Sí
PC,20600,Sí,Sí
PC,20601,No,No
PC,20602,Sí,Sí
PC,20603,No,No
PC,20604,No,No
PC,20605,Sí,Sí
PC,20606,Sí,Sí
PC,20609,No,No
PC,20611,No,No
PC,20614,No,No
PC,20615,No,No
PC,20617,No,No
PC,20620,No,No
PC,20621,No,No
PC,20622,Sí,Sí
PC,20623,No,No
PC,20624,Sí,Sí
PC,20627,Sí,No
PC,20628,Sí,Sí
PC,20629,Sí,Sí
PC,20631,No,No
PC,20632,Sí,Sí
PC,20633,No,No
PC,20636,No,No
PC,20638,No,No
PC,20639,Sí,Sí
PC,20640,Sí,Sí
PC,20641,No,No
PC,20642,Sí,Sí
PC,20644,Sí,Sí
PC,20645,No,No
PC,20646,Sí,Sí
PC,20647,No,No
PC,20649,No,No
PC,20651,Sí,Sí
PC,20652,No,No
PC,20653,No,No
PC,20654,Sí,Sí
PC,20655,Sí,Sí
PC,20656,No,No
PC,20657,No,No
PC,20658,Sí,Sí
PC,20659,No,No
PC,20660,No,No
PC,20661,Sí,Sí
PC,20662,No,No
PC,20663,No,No
PC,20664,No,No
PC,20666,No,No
PC,20667,Sí,Sí
PC,20668,No,No
PC,20669,Sí,Sí
PC,20670,No,No
PC,20671,No,No
PC,20672,Sí,Sí
PC,20673,No,No
PC,20674,No,No
PC,20676,Sí,Sí
PC,20677,Sí,Sí
PC,20678,No,No
PC,20679,Sí,No
PC,20680,Sí,Sí
PC,20681,No,No
PC,20682,No,No
PC,20683,No,No
PC,20684,No,No
PC,20685,No,No
PC,20686,No,No
PC,20689,No,No
PC,20691,No,No
PC,20693,Sí,Sí
PC,20694,No,No
PC,20696,Sí,Sí
PC,20697,Sí,Sí
PC,20699,Sí,Sí
PC,20700,Sí,No
PC,20701,Sí,Sí
PC,20702,Sí,Sí
PC,20703,No,No
PC,20705,No,No
PC,20706,Sí,Sí
PC,20708,Sí,Sí
PC,20709,Sí,No
PC,20710,Sí,Sí
PC,20711,No,No
PC,20712,No,No
PC,20713,Sí,Sí
PC,20714,Sí,Sí
PC,20715,No,No
PC,20719,No,No
PC,20720,No,No
PC,20721,No,No
PC,20723,No,No
PC,20724,No,No
PC,20725,Sí,Sí
PC,20728,No,No
PC,20729,No,No
PC,20730,No,No
PC,20732,No,No
PC,20733,No,No
PC,20735,Sí,Sí
PC,20737,No,No
PC,20739,Sí,Sí
PC,20741,No,No
PC,20742,Sí,Sí
PC,20743,Sí,Sí
PC,20744,Sí,Sí
PC,20745,Sí,Sí
PC,20746,No,No
PC,20749,Sí,Sí
PC,20750,No,No
PC,20751,Sí,Sí
PC,20754,No,No
PC,20756,Sí,Sí
PC,20757,No,No
PC,20758,Sí,Sí
PC,20759,No,No
PC,20760,No,No
PC,20761,Sí,Sí
PC,20762,No,No
PC,20763,No,No
PC,20764,No,No
PC,20765,No,No
PC,20768,Sí,Sí
PC,20770,No,No
PC,20771,Sí,Sí
PC,20772,No,No
PC,20773,No,No
PC,20774,No,No
PC,20775,Sí,Sí
PC,20777,Sí,Sí
PC,20778,No,No
PC,20779,No,No
PC,20780,No,No
PC,20781,No,No
PC,20782,No,No
PC,20783,Sí,No
PC,20784,No,No
PC,20785,No,No
PC,20786,Sí,Sí
PC,20788,Sí,Sí
PC,20789,Sí,Sí
PC,20790,No,No
PC,20792,No,No
PC,20793,Sí,Sí
PC,20794,No,No
PC,20795,No,No
PC,20796,No,No
PC,20797,No,No
PC,20798,No,No
PC,20799,No,No
PC,20800,No,No
PC,20801,Sí,Sí
PC,20802,Sí,Sí
PC,20803,No,No
PC,20809,Sí,Sí
PC,20810,Sí,Sí
PC,20811,Sí,No
PC,20812,No,No
PC,20815,No,No
PC,20817,No,No
PC,20818,Sí,Sí
PC,20820,Sí,Sí
PC,20821,Sí,Sí
PC,20822,No,No
PC,20823,Sí,Sí
PC,20824,Sí,No
PC,20826,Sí,Sí
PC,20827,No,No
PC,20828,No,No
PC,20830,Sí,Sí
PC,20831,Sí,Sí
PC,20832,Sí,Sí
PC,20835,No,No
PC,20836,No,No
PC,20840,Sí,Sí
PC,20841,No,No
PC,20843,No,No
PC,20845,No,No
PC,20846,No,No
PC,20847,No,No
PC,20849,Sí,Sí
PC,20850,Sí,Sí
PC,20852,No,No
PC,20853,Sí,No
PC,20854,No,No
PC,20855,No,No
PC,20859,No,No
PC,20862,Sí,Sí
PC,20863,No,No
PC,20864,Sí,Sí
PC,20865,Sí,Sí
PC,20870,Sí,Sí
PC,20873,Sí,Sí
PC,20874,Sí,Sí
PC,20877,No,No
PC,20878,Sí,Sí
PC,20879,No,No
PC,20882,Sí,Sí
PC,20883,Sí,Sí
PC,20884,No,No
PC,20885,Sí,Sí
PC,20886,No,No
PC,20888,No,No
PC,20891,No,No
PC,20892,Sí,Sí
PC,20894,Sí,Sí
PC,20895,No,No
PC,20899,No,No
PC,20901,Sí,Sí
PC,20902,Sí,No
PC,20904,No,No
PC,20906,Sí,Sí
PC,20907,No,No
PC,20908,Sí,No
PC,20910,No,No
PC,20912,No,No
PC,20913,Sí,Sí
PC,20914,Sí,Sí
PC,20915,No,No
PC,20917,Sí,No
PC,20919,No,No
PC,20920,No,No
PC,20922,Sí,Sí
PC,20923,No,No
PC,20924,No,No
PC,20925,No,No
PC,20926,No,No
PC,20927,No,No
PC,20928,No,No
PC,20929,No,No
PC,20930,No,No
PC,20931,Sí,Sí
PC,20932,No,No
PC,20933,No,No
PC,20935,Sí,Sí
PC,20936,No,No
PC,20937,Sí,Sí
PC,20940,No,No
PC,20941,No,No
PC,20942,No,No
PC,20945,Sí,Sí
PC,20946,No,No
PC,20947,No,No
PC,20948,No,No
PC,20949,Sí,Sí
PC,20951,Sí,Sí
PC,20952,Sí,Sí
PC,20953,No,No
PC,20956,Sí,Sí
PC,20957,Sí,Sí
PC,20958,No,No
PC,20960,Sí,Sí
PC,20961,Sí,Sí
PC,20962,No,No
PC,20964,No,No
PC,20965,Sí,Sí
PC,20966,No,No
PC,20967,Sí,No
PC,20968,No,No
PC,20970,No,No
PC,20972,No,No
PC,20973,Sí,Sí
PC,20974,No,No
PC,20975,No,No
PC,20976,Sí,Sí
PC,20977,Sí,Sí
PC,20980,No,No
PC,20981,Sí,No
PC,20982,No,No
PC,20985,Sí,Sí
PC,20986,Sí,Sí
PC,20987,No,No
PC,20990,Sí,No
PC,20991,No,No
PC,20992,No,No
PC,20993,No,No
PC,20994,Sí,Sí
PC,20995,No,No
PC,20996,No,No
PC,20997,Sí,No
PC,21001,Sí,No
PC,21003,No,No
PC,21005,No,No
PC,21006,No,No
PC,21007,No,No
PC,21008,Sí,Sí
PC,21013,Sí,No
PC,21014,Sí,Sí
PC,21016,No,No
PC,21018,No,No
PC,21022,Sí,No
PC,21023,No,No
PC,21024,No,No
PC,21026,No,No
PC,21027,Sí,Sí
PC,21028,Sí,Sí
PC,21029,No,No
PC,21032,No,No
PC,21033,No,No
PC,21034,Sí,No
PC,21035,No,No
PC,21037,Sí,No
PC,21038,No,No
PC,21039,No,No
PC,21040,Sí,No
PC,21042,No,No
PC,21044,No,No
PC,21048,No,No
PC,21049,Sí,No
PC,21054,No,No
PC,21055,Sí,Sí
PC,21056,No,No
PC,21057,Sí,Sí
PC,21058,No,No
PC,21063,Sí,No
PC,21064,No,No
PC,21065,Sí,No
PC,21071,Sí,Sí
PC,21073,No,No
PC,21074,No,No
PC,21075,No,No
PC,21077,Sí,Sí
PC,21079,No,No
PC,21080,Sí,Sí
PC,21084,Sí,No
PC,21086,No,No
PC,21087,No,No
PC,21088,No,No
PC,21092,No,No
PC,21093,Sí,No
PC,21097,No,No
PC,21099,No,No
PC,21102,Sí,No
PC,21105,Sí,No
PC,21108,No,No
PC,21109,No,No
PC,21110,No,No
PC,21111,No,No
PC,21112,No,No
PC,21114,No,No
PC,21118,Sí,Sí
PC,21119,No,No
PC,21124,Sí,Sí
PC,21126,Sí,No
PC,21128,No,No
PC,21129,No,No
PC,21131,No,No
PC,21133,Sí,No
PC,21135,No,No
PC,21137,No,No
PC,21140,No,No
PC,21142,Sí,No
PC,21144,No,No
PC,21146,No,No
PC,21147,No,No
PC,21150,No,No
PC,21153,No,No
PC,21154,No,No
PC,21155,No,No
PC,21156,Sí,Sí
PC,21157,Sí,No
PC,21159,No,No
PC,21163,No,No
PC,21164,Sí,No
PC,21167,No,No
PC,21168,No,No
PC,21170,No,No
PC,21171,No,No
PC,21173,No,No
PC,21174,No,No
PC,21176,Sí,No
PC,21179,No,No
PC,21180,No,No
PC,21181,No,No
PC,21182,No,No
PC,21184,No,No
PC,21190,No,No
PC,21191,Sí,No
PC,21192,No,No
PC,21194,Sí,Sí
PC,21195,No,No
PC,21196,No,No
PC,21200,No,No
PC,21201,Sí,No
PC,21202,No,No
PC,21207,Sí,Sí
PC,21209,Sí,No
PC,21211,No,No
PC,21212,No,No
PC,21214,No,No
PC,21218,No,No
PC,21219,No,No
PC,21220,No,No
PC,21222,No,No
PC,21224,Sí,Sí
PC,21226,Sí,No
PC,21227,No,No
PC,21229,No,No
PC,21233,Sí,No
PC,21234,No,No
PC,21237,No,No
PC,21239,No,No
PC,21242,No,No
PC,21244,Sí,No
PC,21245,Sí,No
PC,21246,No,No
PC,21247,No,No
PC,21248,No,No
PC,21252,No,No
PC,21255,No,No
PC,21256,No,No
PC,21257,No,No
PC,21259,No,No
PC,21262,No,No
PC,21263,No,No
PC,21264,No,No
PC,21265,No,No
PC,21266,No,No
PC,21267,No,No
PC,21271,No,No
PC,21276,No,No
REF,20004,No,No
REF,20005,No,No
REF,20007,No,No
REF,20009,No,No
REF,20012,No,No
REF,20013,No,No
REF,20014,No,No
REF,20015,No,No
REF,20016,No,No
REF,20020,No,No
REF,20022,No,No
REF,20023,No,No
REF,20024,No,No
REF,20025,No,No
REF,20027,No,No
REF,20029,No,No
REF,20030,No,No
REF,20031,No,No
REF,20032,No,No
REF,20033,No,No
REF,20037,No,No
REF,20038,No,No
REF,20041,No,No
REF,20043,No,No
REF,20047,No,No
REF,20048,No,No
REF,20050,No,No
REF,20054,No,No
REF,20056,No,No
REF,20057,No,No
REF,20058,No,No
REF,20059,No,No
REF,20061,No,No
REF,20062,No,No
REF,20063,No,No
REF,20065,No,No
REF,20066,No,No
REF,20067,No,No
REF,20068,No,No
REF,20069,No,No
REF,20070,No,No
REF,20071,No,No
REF,20072,No,No
REF,20073,No,No
REF,20074,No,No
REF,20075,No,No
REF,20076,No,No
REF,20077,No,No
REF,20078,No,No
REF,20079,No,No
REF,20080,No,No
REF,20081,No,No
REF,20082,No,No
REF,20084,No,No
REF,20085,No,No
REF,20087,No,No
REF,20088,No,No
REF,20089,No,No
REF,20090,No,No
REF,20091,No,No
REF,20092,No,No
REF,20093,No,No
REF,20094,No,No
REF,20095,No,No
REF,20096,No,No
REF,20097,No,No
REF,20099,No,No
REF,20100,No,No
REF,20101,No,No
REF,20102,No,No
REF,20103,No,No
REF,20105,No,No
REF,20106,No,No
REF,20107,No,No
REF,20108,No,No
REF,20109,No,No
REF,20111,No,No
REF,20112,No,No
REF,20113,No,No
REF,20114,No,No
REF,20115,No,No
REF,20116,No,No
REF,20117,No,No
REF,20118,No,No
REF,20119,No,No
REF,20120,No,No
REF,20121,No,No
REF,20122,No,No
REF,20123,No,No
REF,20124,No,No
REF,20125,No,No
REF,20126,No,No
REF,20127,No,No
REF,20128,No,No
REF,20129,No,No
REF,20130,No,No
REF,20132,No,No
REF,20133,No,No
REF,20134,No,No
REF,20135,No,No
REF,20136,No,No
REF,20137,No,No
REF,20138,No,No
REF,20139,No,No
REF,20140,No,No
REF,20142,No,No
REF,20143,No,No
REF,20144,No,No
REF,20145,No,No
REF,20146,No,No
REF,20148,No,No
REF,20149,No,No
REF,20150,No,No
REF,20151,No,No
REF,20152,No,No
REF,20153,No,No
REF,20155,No,No
REF,20157,No,No
REF,20158,No,No
REF,20159,No,No
REF,20160,No,No
REF,20161,No,No
REF,20162,No,No
REF,20163,No,No
REF,20164,No,No
REF,20165,No,No
REF,20166,No,No
REF,20167,No,No
REF,20168,No,No
REF,20169,No,No
REF,20170,No,No
REF,20171,No,No
REF,20173,No,No
REF,20174,No,No
REF,20175,No,No
REF,20176,No,No
REF,20177,No,No
REF,20178,No,No
REF,20179,No,No
REF,20181,No,No
REF,20182,No,No
REF,20183,No,No
REF,20184,No,No
REF,20185,No,No
REF,20186,No,No
REF,20187,No,No
REF,20188,No,No
REF,20189,No,No
REF,20190,No,No
REF,20191,No,No
REF,20192,No,No
REF,20194,No,No
REF,20196,No,No
REF,20197,No,No
REF,20198,No,No
REF,20200,No,No
REF,20201,No,No
REF,20202,No,No
REF,20203,No,No
REF,20205,No,No
REF,20206,No,No
REF,20207,No,No
REF,20208,No,No
REF,20209,No,No
REF,20210,No,No
REF,20211,No,No
REF,20212,No,No
REF,20213,No,No
REF,20215,No,No
REF,20216,No,No
REF,20217,No,No
REF,20218,No,No
REF,20219,No,No
REF,20220,No,No
REF,20222,No,No
REF,20224,No,No
REF,20225,No,No
REF,20226,No,No
REF,20227,No,No
REF,20228,No,No
REF,20229,No,No
REF,20230,No,No
REF,20231,No,No
REF,20232,No,No
REF,20233,No,No
REF,20234,No,No
REF,20235,No,No
REF,20236,No,No
REF,20237,No,No
REF,20238,No,No
REF,20239,No,No
REF,20240,No,No
REF,20241,No,No
REF,20242,No,No
REF,20244,No,No
REF,20246,No,No
REF,20249,No,No
REF,20250,No,No
REF,20251,No,No
REF,20252,No,No
REF,20253,No,No
REF,20254,No,No
REF,20255,No,No
REF,20256,No,No
REF,20257,No,No
REF,20259,No,No
REF,20261,No,No
REF,20262,No,No
REF,20263,No,No
REF,20264,No,No
REF,20265,No,No
REF,20266,No,No
REF,20267,No,No
REF,20268,No,No
REF,20269,No,No
REF,20270,No,No
REF,20271,No,No
REF,20272,No,No
REF,20273,No,No
REF,20275,No,No
REF,20276,No,No
REF,20277,No,No
REF,20278,No,No
REF,20280,No,No
REF,20281,No,No
REF,20282,No,No
REF,20283,No,No
REF,20284,No,No
REF,20285,No,No
REF,20286,No,No
REF,20288,No,No
REF,20289,No,No
REF,20290,No,No
REF,20291,No,No
REF,20292,No,No
REF,20295,No,No
REF,20296,No,No
REF,20297,No,No
REF,20298,No,No
REF,20299,No,No
REF,20300,No,No
REF,20301,No,No
REF,20302,No,No
REF,20303,No,No
REF,20304,No,No
REF,20305,No,No
REF,20306,No,No
REF,20307,No,No
REF,20308,No,No
REF,20309,No,No
REF,20310,No,No
REF,20311,No,No
REF,20312,No,No
REF,20313,No,No
REF,20314,No,No
REF,20315,No,No
REF,20316,No,No
REF,20317,No,No
REF,20319,No,No
REF,20321,No,No
REF,20322,No,No
REF,20323,No,No
REF,20324,No,No
REF,20325,No,No
REF,20326,No,No
REF,20327,No,No
REF,20328,No,No
REF,20329,No,No
REF,20330,No,No
REF,20332,No,No
REF,20334,No,No
REF,20335,No,No
REF,20336,No,No
REF,20337,No,No
REF,20338,No,No
REF,20340,No,No
REF,20341,No,No
REF,20342,No,No
REF,20343,No,No
REF,20344,No,No
REF,20345,No,No
REF,20346,No,No
REF,20348,No,No
REF,20349,No,No
REF,20350,No,No
REF,20351,No,No
REF,20352,No,No
REF,20353,No,No
REF,20354,No,No
REF,20355,No,No
REF,20356,No,No
REF,20357,No,No
REF,20358,No,No
REF,20359,No,No
REF,20360,No,No
REF,20361,No,No
REF,20362,No,No
REF,20364,No,No
REF,20365,No,No
REF,20366,No,No
REF,20367,No,No
REF,20368,No,No
REF,20372,No,No
REF,20374,No,No
REF,20375,No,No
REF,20376,No,No
REF,20377,No,No
REF,20378,No,No
REF,20379,No,No
REF,20380,No,No
REF,20381,No,No
REF,20382,No,No
REF,20383,No,No
REF,20384,No,No
REF,20385,No,No
REF,20386,No,No
REF,20387,No,No
REF,20388,No,No
REF,20389,No,No
REF,20390,No,No
REF,20394,No,No
REF,20395,No,No
REF,20396,No,No
REF,20398,No,No
REF,20399,No,No
REF,20400,No,No
REF,20401,No,No
REF,20402,No,No
REF,20403,No,No
REF,20404,No,No
REF,20406,No,No
REF,20407,No,No
REF,20408,No,No
REF,20409,No,No
REF,20410,No,No
REF,20411,No,No
REF,20412,No,No
REF,20413,No,No
REF,20414,No,No
REF,20415,No,No
REF,20416,No,No
REF,20417,No,No
REF,20418,No,No
REF,20419,No,No
REF,20421,No,No
REF,20422,No,No
REF,20424,No,No
REF,20426,No,No
REF,20428,No,No
REF,20429,No,No
REF,20432,No,No
REF,20433,No,No
REF,20434,No,No
REF,20435,No,No
REF,20436,No,No
REF,20437,No,No
REF,20438,No,No
REF,20440,No,No
REF,20442,No,No
REF,20443,No,No
REF,20447,No,No
REF,20449,No,No
REF,20450,No,No
REF,20453,No,No
REF,20454,No,No
REF,20456,No,No
REF,20458,No,No
REF,20459,No,No
REF,20460,No,No
REF,20463,No,No
REF,20464,No,No
REF,20465,No,No
REF,20466,No,No
REF,20468,No,No
REF,20469,No,No
REF,20470,No,No
REF,20471,No,No
REF,20473,No,No
REF,20474,No,No
REF,20476,No,No
REF,20477,No,No
REF,20478,No,No
REF,20479,No,No
REF,20480,No,No
REF,20481,No,No
REF,20482,No,No
REF,20483,No,No
REF,20484,No,No
REF,20485,No,No
REF,20487,No,No
REF,20488,No,No
REF,20490,No,No
REF,20491,No,No
REF,20493,No,No
REF,20495,No,No
REF,20496,No,No
REF,20497,No,No
REF,20500,No,No
REF,20501,No,No
REF,20502,No,No
REF,20503,No,No
REF,20505,No,No
REF,20507,No,No
REF,20508,No,No
REF,20509,No,No
REF,20510,No,No
REF,20512,No,No
REF,20513,No,No
REF,20514,No,No
REF,20515,No,No
REF,20517,No,No
REF,20520,No,No
REF,20521,No,No
REF,20522,No,No
REF,20523,No,No
REF,20524,No,No
REF,20525,No,No
REF,20526,No,No
REF,20527,No,No
REF,20530,No,No
REF,20531,No,No
REF,20536,No,No
REF,20537,No,No
REF,20538,No,No
REF,20539,No,No
REF,20540,No,No
REF,20541,No,No
REF,20542,No,No
REF,20544,No,No
REF,20546,No,No
REF,20547,No,No
REF,20548,No,No
REF,20549,No,No
REF,20551,No,No
REF,20552,No,No
REF,20553,No,No
REF,20555,No,No
REF,20556,No,No
REF,20557,No,No
REF,20558,No,No
REF,20559,No,No
REF,20560,No,No
REF,20561,No,No
REF,20562,No,No
REF,20563,No,No
REF,20564,No,No
REF,20565,No,No
REF,20567,No,No
REF,20568,No,No
REF,20569,No,No
REF,20570,No,No
REF,20571,No,No
REF,20572,No,No
REF,20574,No,No
REF,20575,No,No
REF,20576,No,No
REF,20577,No,No
REF,20578,No,No
REF,20579,No,No
REF,20580,No,No
REF,20583,No,No
REF,20585,No,No
REF,20586,No,No
REF,20588,No,No
REF,20589,No,No
REF,20592,No,No
REF,20593,No,No
REF,20594,No,No
REF,20595,No,No
REF,20596,No,No
REF,20597,No,No
REF,20599,No,No
REF,20600,No,No
REF,20601,No,No
REF,20602,No,No
REF,20603,No,No
REF,20604,No,No
REF,20605,No,No
REF,20606,No,No
REF,20609,No,No
REF,20611,No,No
REF,20614,No,No
REF,20615,No,No
REF,20617,No,No
REF,20620,No,No
REF,20621,No,No
REF,20622,No,No
REF,20623,No,No
REF,20624,No,No
REF,20627,No,No
REF,20628,No,No
REF,20629,No,No
REF,20631,No,No
REF,20632,No,No
REF,20633,No,No
REF,20636,No,No
REF,20638,No,No
REF,20639,No,No
REF,20640,No,No
REF,20641,No,No
REF,20642,No,No
REF,20644,No,No
REF,20645,No,No
REF,20646,No,No
REF,20647,No,No
REF,20649,No,No
REF,20651,No,No
REF,20652,No,No
REF,20653,No,No
REF,20654,No,No
REF,20655,No,No
REF,20656,No,No
REF,20657,No,No
REF,20658,No,No
REF,20659,No,No
REF,20660,No,No
REF,20661,No,No
REF,20662,No,No
REF,20663,No,No
REF,20664,No,No
REF,20666,No,No
REF,20667,No,No
REF,20668,No,No
REF,20669,No,No
REF,20670,No,No
REF,20671,No,No
REF,20672,No,No
REF,20673,No,No
REF,20674,No,No
REF,20676,No,No
REF,20677,No,No
REF,20678,No,No
REF,20679,No,No
REF,20680,No,No
REF,20681,No,No
REF,20682,No,No
REF,20683,No,No
REF,20684,No,No
REF,20685,No,No
REF,20686,No,No
REF,20689,No,No
REF,20691,No,No
REF,20693,No,No
REF,20694,No,No
REF,20696,No,No
REF,20697,No,No
REF,20699,No,No
REF,20700,No,No
REF,20701,No,No
REF,20702,No,No
REF,20703,No,No
REF,20705,No,No
REF,20706,No,No
REF,20708,No,No
REF,20709,No,No
REF,20710,No,No
REF,20711,No,No
REF,20712,No,No
REF,20713,No,No
REF,20714,No,No
REF,20715,No,No
REF,20719,No,No
REF,20720,No,No
REF,20721,No,No
REF,20723,No,No
REF,20724,No,No
REF,20725,No,No
REF,20728,No,No
REF,20729,No,No
REF,20730,No,No
REF,20732,No,No
REF,20733,No,No
REF,20735,No,No
REF,20737,No,No
REF,20739,No,No
REF,20741,No,No
REF,20742,No,No
REF,20743,No,No
REF,20744,No,No
REF,20745,No,No
REF,20746,No,No
REF,20749,No,No
REF,20750,No,No
REF,20751,No,No
REF,20754,No,No
REF,20756,No,No
REF,20757,No,No
REF,20758,No,No
REF,20759,No,No
REF,20760,No,No
REF,20761,No,No
REF,20762,No,No
REF,20763,No,No
REF,20764,No,No
REF,20765,No,No
REF,20768,No,No
REF,20770,No,No
REF,20771,No,No
REF,20772,No,No
REF,20773,No,No
REF,20774,No,No
REF,20775,No,No
REF,20777,No,No
REF,20778,No,No
REF,20779,No,No
REF,20780,No,No
REF,20781,No,No
REF,20782,No,No
REF,20783,No,No
REF,20784,No,No
REF,20785,No,No
REF,20786,No,No
REF,20788,No,No
REF,20789,No,No
REF,20790,No,No
REF,20792,No,No
REF,20793,No,No
REF,20794,No,No
REF,20795,No,No
REF,20796,No,No
REF,20797,No,No
REF,20798,No,No
REF,20799,No,No
REF,20800,No,No
REF,20801,No,No
REF,20802,No,No
REF,20803,No,No
REF,20809,No,No
REF,20810,No,No
REF,20811,No,No
REF,20812,No,No
REF,20815,No,No
REF,20817,No,No
REF,20818,No,No
REF,20820,No,No
REF,20821,No,No
REF,20822,No,No
REF,20823,No,No
REF,20824,No,No
REF,20826,No,No
REF,20827,No,No
REF,20828,No,No
REF,20830,No,No
REF,20831,No,No
REF,20832,No,No
REF,20835,No,No
REF,20836,No,No
REF,20840,No,No
REF,20841,No,No
REF,20843,No,No
REF,20845,No,No
REF,20846,No,No
REF,20847,No,No
REF,20849,No,No
REF,20850,No,No
REF,20852,No,No
REF,20853,No,No
REF,20854,No,No
REF,20855,No,No
REF,20859,No,No
REF,20862,No,No
REF,20863,No,No
REF,20864,No,No
REF,20865,No,No
REF,20870,No,No
REF,20873,No,No
REF,20874,No,No
REF,20877,No,No
REF,20878,No,No
REF,20879,No,No
REF,20882,No,No
REF,20883,No,No
REF,20884,No,No
REF,20885,No,No
REF,20886,No,No
REF,20888,No,No
REF,20891,No,No
REF,20892,No,No
REF,20894,No,No
REF,20895,No,No
REF,20899,No,No
REF,20901,No,No
REF,20902,No,No
REF,20904,No,No
REF,20906,No,No
REF,20907,No,No
REF,20908,No,No
REF,20910,No,No
REF,20912,No,No
REF,20913,No,No
REF,20914,No,No
REF,20915,No,No
REF,20917,No,No
REF,20919,No,No
REF,20920,No,No
REF,20922,No,No
REF,20923,No,No
REF,20924,No,No
REF,20925,No,No
REF,20926,No,No
REF,20927,No,No
REF,20928,No,No
REF,20929,No,No
REF,20930,No,No
REF,20931,No,No
REF,20932,No,No
REF,20933,No,No
REF,20935,No,No
REF,20936,No,No
REF,20937,No,No
REF,20940,No,No
REF,20941,No,No
REF,20942,No,No
REF,20945,No,No
REF,20946,No,No
REF,20947,No,No
REF,20948,No,No
REF,20949,No,No
REF,20951,No,No
REF,20952,No,No
REF,20953,No,No
REF,20956,No,No
REF,20957,No,No
REF,20958,No,No
REF,20960,No,No
REF,20961,No,No
REF,20962,No,No
REF,20964,No,No
REF,20965,No,No
REF,20966,No,No
REF,20967,No,No
REF,20968,No,No
REF,20970,No,No
REF,20972,No,No
REF,20973,No,No
REF,20974,No,No
REF,20975,No,No
REF,20976,No,No
REF,20977,No,No
REF,20980,No,No
REF,20981,No,No
REF,20982,Sí,Sí
REF,20985,No,No
REF,20986,No,No
REF,20987,No,No
REF,20990,No,No
REF,20991,No,No
REF,20992,No,No
REF,20993,No,No
REF,20994,No,No
REF,20995,No,No
REF,20996,No,No
REF,20997,No,No
REF,21001,No,No
REF,21003,No,No
REF,21005,No,No
REF,21006,No,No
REF,21007,No,No
REF,21008,No,No
REF,21013,No,No
REF,21014,No,No
REF,21016,No,No
REF,21018,No,No
REF,21022,No,No
REF,21023,No,No
REF,21024,No,No
REF,21026,No,No
REF,21027,No,No
REF,21028,No,No
REF,21029,No,No
REF,21032,No,No
REF,21033,No,No
REF,21034,No,No
REF,21035,No,No
REF,21037,No,No
REF,21038,No,No
REF,21039,No,No
REF,21040,No,No
REF,21042,No,No
REF,21044,No,No
REF,21048,No,No
REF,21049,No,No
REF,21054,No,No
REF,21055,No,No
REF,21056,No,No
REF,21057,No,No
REF,21058,No,No
REF,21063,No,No
REF,21064,No,No
REF,21065,No,No
REF,21071,No,No
REF,21073,No,No
REF,21074,No,No
REF,21075,No,No
REF,21077,No,No
REF,21079,No,No
REF,21080,No,No
REF,21084,No,No
REF,21086,No,No
REF,21087,No,No
REF,21088,No,No
REF,21092,No,No
REF,21093,No,No
REF,21097,No,No
REF,21099,No,No
REF,21102,No,No
REF,21105,No,No
REF,21108,No,No
REF,21109,No,No
REF,21110,No,No
REF,21111,No,No
REF,21112,No,No
REF,21114,No,No
REF,21118,No,No
REF,21119,No,No
REF,21124,No,No
REF,21126,No,No
REF,21128,No,No
REF,21129,No,No
REF,21131,No,No
REF,21133,No,No
REF,21135,No,No
REF,21137,No,No
REF,21140,No,No
REF,21142,No,No
REF,21144,No,No
REF,21146,No,No
REF,21147,No,No
REF,21150,No,No
REF,21153,No,No
REF,21154,No,No
REF,21155,No,No
REF,21156,No,No
REF,21157,No,No
REF,21159,No,No
REF,21163,No,No
REF,21164,No,No
REF,21167,No,No
REF,21168,No,No
REF,21170,Sí,Sí
REF,21171,No,No
REF,21173,No,No
REF,21174,No,No
REF,21176,No,No
REF,21179,No,No
REF,21180,No,No
REF,21181,Sí,Sí
REF,21182,No,No
REF,21184,No,No
REF,21190,No,No
REF,21191,No,No
REF,21192,Sí,No
REF,21194,No,No
REF,21195,No,No
REF,21196,No,No
REF,21200,No,No
REF,21201,No,No
REF,21202,No,No
REF,21207,No,No
REF,21209,No,No
REF,21211,No,No
REF,21212,No,No
REF,21214,No,No
REF,21218,Sí,Sí
REF,21219,No,No
REF,21220,No,No
REF,21222,No,No
REF,21224,No,No
REF,21226,No,No
REF,21227,No,No
REF,21229,No,No
REF,21233,No,No
REF,21234,No,No
REF,21237,No,No
REF,21239,No,No
REF,21242,No,No
REF,21244,No,No
REF,21245,No,No
REF,21246,No,No
REF,21247,No,No
REF,21248,No,No
REF,21252,No,No
REF,21255,Sí,Sí
REF,21256,No,No
REF,21257,Sí,Sí
REF,21259,No,No
REF,21262,No,No
REF,21263,No,No
REF,21264,No,No
REF,21265,No,No
REF,21266,No,No
REF,21267,No,No
REF,21271,Sí,No
REF,21276,No,No
